professor, university, urls
"alan borning", "University of Washington", <a href='http://www.cs.washington.edu/people/faculty/borning'>http://www.cs.washington.edu/people/faculty/borning</a>
"alan shaw", "University of Washington", <a href='http://www.cs.washington.edu/people/faculty/shaw'>http://www.cs.washington.edu/people/faculty/shaw</a>
"ali farhadi", "University of Washington", <a href='http://www.cs.washington.edu/people/faculty/ali'>http://www.cs.washington.edu/people/faculty/ali</a>
"allison obourn", "University of Washington", <a href='http://homes.cs.washington.edu/~aeobourn'>http://homes.cs.washington.edu/~aeobourn</a>
"anna karlin", "University of Washington", <a href='http://www.cs.washington.edu/people/faculty/karlin'>http://www.cs.washington.edu/people/faculty/karlin</a>
"anna r. karlin", "University of Washington", <a href='http://www.cs.washington.edu/people/faculty/karlin'>http://www.cs.washington.edu/people/faculty/karlin</a>
"anup rao", "University of Washington", <a href='http://www.cs.washington.edu/people/faculty/anuprao'>http://www.cs.washington.edu/people/faculty/anuprao</a>
"arvind krishnamurthy", "University of Washington", <a href='http://www.cs.washington.edu/people/faculty/arvind'>http://www.cs.washington.edu/people/faculty/arvind</a>
"barbara mones", "University of Washington", <a href='http://www.cs.washington.edu/people/faculty/mones'>http://www.cs.washington.edu/people/faculty/mones</a>
"brian curless", "University of Washington", <a href='http://www.cs.washington.edu/people/faculty/curless'>http://www.cs.washington.edu/people/faculty/curless</a>
"bruce hemingway", "University of Washington", <a href='http://www.cs.washington.edu/people/faculty/bruceh'>http://www.cs.washington.edu/people/faculty/bruceh</a>
"carlos guestrin", "University of Washington", <a href='http://www.cs.washington.edu/people/faculty/guestrin'>http://www.cs.washington.edu/people/faculty/guestrin</a>
"dan grossman", "University of Washington", <a href='http://www.cs.washington.edu/people/faculty/djg'>http://www.cs.washington.edu/people/faculty/djg</a>
"dan suciu", "University of Washington", <a href='http://www.cs.washington.edu/people/faculty/suciu'>http://www.cs.washington.edu/people/faculty/suciu</a>
"dan weld", "University of Washington", <a href='http://www.cs.washington.edu/people/faculty/weld'>http://www.cs.washington.edu/people/faculty/weld</a>
"daniel s. weld", "University of Washington", <a href='http://www.cs.washington.edu/people/faculty/weld'>http://www.cs.washington.edu/people/faculty/weld</a>
"david wetherall", "University of Washington", <a href='http://djw.cs.washington.edu'>http://djw.cs.washington.edu</a>
"dieter fox", "University of Washington", <a href='http://www.cs.washington.edu/people/faculty/fox'>http://www.cs.washington.edu/people/faculty/fox</a>
"ed lazowska", "University of Washington", <a href='http://www.cs.washington.edu/people/faculty/lazowska'>http://www.cs.washington.edu/people/faculty/lazowska</a>
"emanuel todorov", "University of Washington", <a href='http://homes.cs.washington.edu/~todorov'>http://homes.cs.washington.edu/~todorov</a>
"gaetano borriello", "University of Washington", <a href='http://www.cs.washington.edu/people/faculty/gaetano'>http://www.cs.washington.edu/people/faculty/gaetano</a>
"georg seelig", "University of Washington", <a href='http://homes.cs.washington.edu/~seelig'>http://homes.cs.washington.edu/~seelig</a>
"hal perkins", "University of Washington", <a href='http://www.cs.washington.edu/people/faculty/perkins'>http://www.cs.washington.edu/people/faculty/perkins</a>
"hank levy", "University of Washington", <a href='http://www.cs.washington.edu/people/faculty/levy'>http://www.cs.washington.edu/people/faculty/levy</a>
"hellmut golde", "University of Washington", <a href='http://www.cs.washington.edu/people/faculty'>http://www.cs.washington.edu/people/faculty</a>
"henry m. levy", "University of Washington", <a href='http://www.cs.washington.edu/people/faculty/levy'>http://www.cs.washington.edu/people/faculty/levy</a>
"hélène martin", "University of Washington", <a href='http://homes.cs.washington.edu/~ln'>http://homes.cs.washington.edu/~ln</a>
"ira kemelmacher-shlizerman", "University of Washington", <a href='http://www.cs.washington.edu/people/faculty/kemelmi'>http://www.cs.washington.edu/people/faculty/kemelmi</a>
"james a. landay", "University of Washington", <a href='http://homes.cs.washington.edu/~landay'>http://homes.cs.washington.edu/~landay</a>
"james fogarty", "University of Washington", <a href='http://www.cs.washington.edu/people/faculty/jfogarty'>http://www.cs.washington.edu/people/faculty/jfogarty</a>
"james landay", "University of Washington", <a href='http://homes.cs.washington.edu/~landay'>http://homes.cs.washington.edu/~landay</a>
"james lee", "University of Washington", <a href='http://www.cs.washington.edu/people/faculty/jrl'>http://www.cs.washington.edu/people/faculty/jrl</a>
"jean-loup baer", "University of Washington", <a href='http://homes.cs.washington.edu/~baer'>http://homes.cs.washington.edu/~baer</a>
"jeffrey heer", "University of Washington", <a href='http://www.cs.washington.edu/people/faculty/jheer'>http://www.cs.washington.edu/people/faculty/jheer</a>
"john zahorjan", "University of Washington", <a href='http://homes.cs.washington.edu/~zahorjan/homepage'>http://homes.cs.washington.edu/~zahorjan/homepage</a>
"joshua r. smith", "University of Washington", <a href='http://www.cs.washington.edu/people/faculty/jrs'>http://www.cs.washington.edu/people/faculty/jrs</a>
"joshua smith", "University of Washington", <a href='http://www.cs.washington.edu/people/faculty/jrs'>http://www.cs.washington.edu/people/faculty/jrs</a>
"larry ruzzo", "University of Washington", <a href='http://www.cs.washington.edu/people/faculty/ruzzo'>http://www.cs.washington.edu/people/faculty/ruzzo</a>
"larry snyder", "University of Washington", <a href='http://www.cs.washington.edu/people/faculty/snyder'>http://www.cs.washington.edu/people/faculty/snyder</a>
"laura campbell", "University of Washington", <a href='http://www.cs.washington.edu/people/faculty/campbell'>http://www.cs.washington.edu/people/faculty/campbell</a>
"linda shapiro", "University of Washington", <a href='http://homes.cs.washington.edu/~shapiro'>http://homes.cs.washington.edu/~shapiro</a>
"luis ceze", "University of Washington", <a href='http://www.cs.washington.edu/people/faculty/luisceze'>http://www.cs.washington.edu/people/faculty/luisceze</a>
"luke zettlemoyer", "University of Washington", <a href='http://www.cs.washington.edu/people/faculty/lsz'>http://www.cs.washington.edu/people/faculty/lsz</a>
"magdalena balazinska", "University of Washington", <a href='http://www.cs.washington.edu/people/faculty/magda'>http://www.cs.washington.edu/people/faculty/magda</a>
"mark oskin", "University of Washington", <a href='http://www.cs.washington.edu/people/faculty/oskin'>http://www.cs.washington.edu/people/faculty/oskin</a>
"martin tompa", "University of Washington", <a href='http://www.cs.washington.edu/people/faculty/tompa'>http://www.cs.washington.edu/people/faculty/tompa</a>
"matt reynolds", "University of Washington", <a href='http://fds.duke.edu/db/pratt/ECE/matt.reynolds'>http://fds.duke.edu/db/pratt/ECE/matt.reynolds</a>
"matthew s. reynolds", "University of Washington", <a href='http://fds.duke.edu/db/pratt/ECE/matt.reynolds'>http://fds.duke.edu/db/pratt/ECE/matt.reynolds</a>
"maya cakmak", "University of Washington", <a href='http://www.mayacakmak.com/home'>http://www.mayacakmak.com/home</a>
"michael ernst", "University of Washington", <a href='http://www.cs.washington.edu/people/faculty/mernst'>http://www.cs.washington.edu/people/faculty/mernst</a>
"oren etzioni", "University of Washington", <a href='http://homes.cs.washington.edu/~etzioni'>http://homes.cs.washington.edu/~etzioni</a>
"paul beame", "University of Washington", <a href='http://www.cs.washington.edu/people/faculty/beame'>http://www.cs.washington.edu/people/faculty/beame</a>
"pedro domingos", "University of Washington", <a href='http://www.cs.washington.edu/people/faculty/pedrod'>http://www.cs.washington.edu/people/faculty/pedrod</a>
"rajesh rao", "University of Washington", <a href='http://www.cs.washington.edu/people/faculty/rao'>http://www.cs.washington.edu/people/faculty/rao</a>
"richard anderson", "University of Washington", <a href='http://www.cs.washington.edu/people/faculty/anderson'>http://www.cs.washington.edu/people/faculty/anderson</a>
"richard e. ladner", "University of Washington", <a href='http://www.cs.washington.edu/people/faculty/ladner'>http://www.cs.washington.edu/people/faculty/ladner</a>
"richard ladner", "University of Washington", <a href='http://www.cs.washington.edu/people/faculty/ladner'>http://www.cs.washington.edu/people/faculty/ladner</a>
"ruth e. anderson", "University of Washington", <a href='http://homes.cs.washington.edu/~rea'>http://homes.cs.washington.edu/~rea</a>
"shayan oveis gharan", "University of Washington", <a href='http://www.stanford.edu/~shayan/about_me.html'>http://www.stanford.edu/~shayan/about_me.html</a>
"shwetak n. patel", "University of Washington", <a href='http://abstract.cs.washington.edu/~shwetak'>http://abstract.cs.washington.edu/~shwetak</a>
"shwetak patel", "University of Washington", <a href='http://abstract.cs.washington.edu/~shwetak'>http://abstract.cs.washington.edu/~shwetak</a>
"shyam gollakota", "University of Washington", <a href='http://www.cs.washington.edu/people/faculty/gshyam'>http://www.cs.washington.edu/people/faculty/gshyam</a>
"steve gribble", "University of Washington", <a href='http://homes.cs.washington.edu/~gribble'>http://homes.cs.washington.edu/~gribble</a>
"steve tanimoto", "University of Washington", <a href='http://www.cs.washington.edu/people/faculty/tanimoto'>http://www.cs.washington.edu/people/faculty/tanimoto</a>
"steven d. gribble", "University of Washington", <a href='http://homes.cs.washington.edu/~gribble'>http://homes.cs.washington.edu/~gribble</a>
"steven seitz", "University of Washington", <a href='http://www.cs.washington.edu/people/faculty/seitz'>http://www.cs.washington.edu/people/faculty/seitz</a>
"stuart reges", "University of Washington", <a href='http://www.cs.washington.edu/people/faculty/reges'>http://www.cs.washington.edu/people/faculty/reges</a>
"su-in lee", "University of Washington", <a href='http://suinlee.cs.washington.edu'>http://suinlee.cs.washington.edu</a>
"susan eggers", "University of Washington", <a href='http://www.cs.washington.edu/people/faculty/eggers'>http://www.cs.washington.edu/people/faculty/eggers</a>
"tadayoshi kohno", "University of Washington", <a href='http://homes.cs.washington.edu/~yoshi'>http://homes.cs.washington.edu/~yoshi</a>
"tadayoshi kohno (yoshi kohno)", "University of Washington", <a href='http://homes.cs.washington.edu/~yoshi'>http://homes.cs.washington.edu/~yoshi</a>
"ted kehl", "University of Washington", <a href='http://homes.cs.washington.edu/~ted'>http://homes.cs.washington.edu/~ted</a>
"tom anderson", "University of Washington", <a href='http://www.cs.washington.edu/people/faculty/tom'>http://www.cs.washington.edu/people/faculty/tom</a>
"tom daniel", "University of Washington", <a href='http://www.cs.washington.edu/people/faculty/danielt'>http://www.cs.washington.edu/people/faculty/danielt</a>
"zachary tatlock", "University of Washington", <a href='http://homes.cs.washington.edu/~ztatlock'>http://homes.cs.washington.edu/~ztatlock</a>
"zoran popovic", "University of Washington", <a href='http://homes.cs.washington.edu/~zoran'>http://homes.cs.washington.edu/~zoran</a>
"zoran popović", "University of Washington", <a href='http://homes.cs.washington.edu/~zoran'>http://homes.cs.washington.edu/~zoran</a>
"adam klivans", "University of Texas—Austin", <a href='http://www.cs.utexas.edu/faculty/klivans'>http://www.cs.utexas.edu/faculty/klivans</a> or <a href='http://www.cs.utexas.edu/~klivans'>http://www.cs.utexas.edu/~klivans</a>
"ajay bhargava", "University of Texas—Austin", <a href='http://www.cs.utexas.edu/~abhargav'>http://www.cs.utexas.edu/~abhargav</a>
"alan k. cline", "University of Texas—Austin", <a href='http://www.cs.utexas.edu/faculty/cline'>http://www.cs.utexas.edu/faculty/cline</a>
"alison n. norman", "University of Texas—Austin", <a href='http://www.cs.utexas.edu/~ans'>http://www.cs.utexas.edu/~ans</a>
"aloysius k. mok", "University of Texas—Austin", <a href='http://www.cs.utexas.edu/~mok/mok.html'>http://www.cs.utexas.edu/~mok/mok.html</a> or <a href='http://www.cs.utexas.edu/faculty/mok'>http://www.cs.utexas.edu/faculty/mok</a>
"anna gal", "University of Texas—Austin", <a href='http://www.cs.utexas.edu/users/panni'>http://www.cs.utexas.edu/users/panni</a>
"anna gál", "University of Texas—Austin", <a href='http://www.cs.utexas.edu/faculty/g%C3%A1l'>http://www.cs.utexas.edu/faculty/g%C3%A1l</a> or <a href='http://www.cs.utexas.edu/users/panni'>http://www.cs.utexas.edu/users/panni</a>
"bill press", "University of Texas—Austin", <a href='http://nr.com/whp'>http://nr.com/whp</a>
"brent waters", "University of Texas—Austin", <a href='http://www.cs.utexas.edu/faculty/waters'>http://www.cs.utexas.edu/faculty/waters</a> or <a href='http://www.cs.utexas.edu/~bwaters'>http://www.cs.utexas.edu/~bwaters</a>
"bruce w. porter", "University of Texas—Austin", <a href='http://www.cs.utexas.edu/faculty/porter'>http://www.cs.utexas.edu/faculty/porter</a> or <a href='http://www.cs.utexas.edu/~porter'>http://www.cs.utexas.edu/~porter</a>
"c. greg plaxton", "University of Texas—Austin", <a href='http://www.cs.utexas.edu/~plaxton'>http://www.cs.utexas.edu/~plaxton</a> or <a href='http://www.cs.utexas.edu/faculty/plaxton'>http://www.cs.utexas.edu/faculty/plaxton</a>
"calvin lin", "University of Texas—Austin", <a href='http://www.cs.utexas.edu/faculty/lin'>http://www.cs.utexas.edu/faculty/lin</a> or <a href='http://www.cs.utexas.edu/~lin'>http://www.cs.utexas.edu/~lin</a>
"chandrajit bajaj", "University of Texas—Austin", <a href='http://www.cs.utexas.edu/faculty/bajaj'>http://www.cs.utexas.edu/faculty/bajaj</a> or <a href='http://www.cs.utexas.edu/users/bajaj/cvc/index.shtml'>http://www.cs.utexas.edu/users/bajaj/cvc/index.shtml</a>
"dana ballard", "University of Texas—Austin", <a href='http://www.cs.utexas.edu/~dana'>http://www.cs.utexas.edu/~dana</a>
"dana h. ballard", "University of Texas—Austin", <a href='http://www.cs.utexas.edu/~dana'>http://www.cs.utexas.edu/~dana</a> or <a href='http://www.cs.utexas.edu/faculty/ballard'>http://www.cs.utexas.edu/faculty/ballard</a>
"daniel p. miranker", "University of Texas—Austin", <a href='http://www.cs.utexas.edu/~miranker'>http://www.cs.utexas.edu/~miranker</a> or <a href='http://www.cs.utexas.edu/faculty/miranker'>http://www.cs.utexas.edu/faculty/miranker</a>
"david i. zuckerman", "University of Texas—Austin", <a href='http://www.cs.utexas.edu/~diz'>http://www.cs.utexas.edu/~diz</a> or <a href='http://www.cs.utexas.edu/faculty/zuckerman'>http://www.cs.utexas.edu/faculty/zuckerman</a>
"david zuckerman", "University of Texas—Austin", <a href='http://www.cs.utexas.edu/~diz'>http://www.cs.utexas.edu/~diz</a>
"don batory", "University of Texas—Austin", <a href='http://www.cs.utexas.edu/users/dsb'>http://www.cs.utexas.edu/users/dsb</a> or <a href='http://www.cs.utexas.edu/faculty/batory'>http://www.cs.utexas.edu/faculty/batory</a>
"donald s. fussell", "University of Texas—Austin", <a href='http://www.cs.utexas.edu/~fussell'>http://www.cs.utexas.edu/~fussell</a> or <a href='http://www.cs.utexas.edu/faculty/fussell'>http://www.cs.utexas.edu/faculty/fussell</a>
"doug burger", "University of Texas—Austin", <a href='http://www.cs.utexas.edu/~dburger'>http://www.cs.utexas.edu/~dburger</a>
"e. allen emerson", "University of Texas—Austin", <a href='http://www.cs.utexas.edu/users/emerson'>http://www.cs.utexas.edu/users/emerson</a> or <a href='http://www.cs.utexas.edu/faculty/emerson'>http://www.cs.utexas.edu/faculty/emerson</a>
"elaine rich", "University of Texas—Austin", <a href='http://www.cs.utexas.edu/~ear'>http://www.cs.utexas.edu/~ear</a>
"emmett witchel", "University of Texas—Austin", <a href='http://www.cs.utexas.edu/~witchel'>http://www.cs.utexas.edu/~witchel</a> or <a href='http://www.cs.utexas.edu/faculty/witchel'>http://www.cs.utexas.edu/faculty/witchel</a>
"eric price", "University of Texas—Austin", <a href='http://www.cs.utexas.edu/faculty/price'>http://www.cs.utexas.edu/faculty/price</a>
"etienne vouga", "University of Texas—Austin", <a href='http://www.cs.utexas.edu/faculty/vouga'>http://www.cs.utexas.edu/faculty/vouga</a>
"glenn downing", "University of Texas—Austin", <a href='http://www.cs.utexas.edu/users/downing/drupal'>http://www.cs.utexas.edu/users/downing/drupal</a>
"gordon s. novak jr.", "University of Texas—Austin", <a href='http://www.cs.utexas.edu/~novak'>http://www.cs.utexas.edu/~novak</a> or <a href='http://www.cs.utexas.edu/faculty/novak'>http://www.cs.utexas.edu/faculty/novak</a>
"greg plaxton", "University of Texas—Austin", <a href='http://www.cs.utexas.edu/~plaxton'>http://www.cs.utexas.edu/~plaxton</a>
"hanan boral", "University of Texas—Austin", <a href='http://www.cs.utexas.edu/faculty/boral'>http://www.cs.utexas.edu/faculty/boral</a>
"haran boral", "University of Texas—Austin", <a href='http://www.cs.utexas.edu/faculty/boral'>http://www.cs.utexas.edu/faculty/boral</a>
"harrick m. vin", "University of Texas—Austin", <a href='http://www.cs.utexas.edu/~vin'>http://www.cs.utexas.edu/~vin</a> or <a href='http://www.cs.utexas.edu/faculty/vin'>http://www.cs.utexas.edu/faculty/vin</a>
"inderjit s. dhillon", "University of Texas—Austin", <a href='http://www.cs.utexas.edu/faculty/dhillon'>http://www.cs.utexas.edu/faculty/dhillon</a> or <a href='http://www.cs.utexas.edu/~inderjit'>http://www.cs.utexas.edu/~inderjit</a>
"isil dillig", "University of Texas—Austin", <a href='http://www.cs.utexas.edu/~isil'>http://www.cs.utexas.edu/~isil</a>
"işil dillig", "University of Texas—Austin", <a href='http://www.cs.utexas.edu/~isil'>http://www.cs.utexas.edu/~isil</a> or <a href='http://www.cs.utexas.edu/faculty/idillig'>http://www.cs.utexas.edu/faculty/idillig</a>
"işıl dillig", "University of Texas—Austin", <a href='http://www.cs.utexas.edu/~isil'>http://www.cs.utexas.edu/~isil</a>
"j strother moore", "University of Texas—Austin", <a href='http://www.cs.utexas.edu/faculty/moore'>http://www.cs.utexas.edu/faculty/moore</a> or <a href='http://www.cs.utexas.edu/~moore'>http://www.cs.utexas.edu/~moore</a>
"james c. browne", "University of Texas—Austin", <a href='http://www.cs.utexas.edu/%7Ebrowne'>http://www.cs.utexas.edu/%7Ebrowne</a> or <a href='http://www.cs.utexas.edu/~browne'>http://www.cs.utexas.edu/~browne</a>
"jayadev misra", "University of Texas—Austin", <a href='http://www.cs.utexas.edu/faculty/misra'>http://www.cs.utexas.edu/faculty/misra</a> or <a href='http://www.cs.utexas.edu/users/misra'>http://www.cs.utexas.edu/users/misra</a>
"jonathan mugan", "University of Texas—Austin", <a href='http://www.jonathanmugan.com'>http://www.jonathanmugan.com</a>
"keshav pingali", "University of Texas—Austin", <a href='http://www.cs.utexas.edu/faculty/pingali'>http://www.cs.utexas.edu/faculty/pingali</a> or <a href='http://www.cs.utexas.edu/~pingali'>http://www.cs.utexas.edu/~pingali</a>
"kristen grauman", "University of Texas—Austin", <a href='http://www.cs.utexas.edu/faculty/grauman'>http://www.cs.utexas.edu/faculty/grauman</a> or <a href='http://www.cs.utexas.edu/users/grauman'>http://www.cs.utexas.edu/users/grauman</a>
"lili qiu", "University of Texas—Austin", <a href='http://www.cs.utexas.edu/faculty/qiu'>http://www.cs.utexas.edu/faculty/qiu</a> or <a href='http://www.cs.utexas.edu/~lili'>http://www.cs.utexas.edu/~lili</a>
"lorenzo alvisi", "University of Texas—Austin", <a href='http://www.cs.utexas.edu/faculty/alvisi'>http://www.cs.utexas.edu/faculty/alvisi</a> or <a href='http://www.cs.utexas.edu/~lorenzo'>http://www.cs.utexas.edu/~lorenzo</a>
"maggie myers", "University of Texas—Austin", <a href='http://www.cs.utexas.edu/users/myers'>http://www.cs.utexas.edu/users/myers</a>
"margaret myers", "University of Texas—Austin", <a href='http://www.cs.utexas.edu/users/myers'>http://www.cs.utexas.edu/users/myers</a>
"matt kaufmann", "University of Texas—Austin", <a href='http://www.cs.utexas.edu/faculty/kaufmann'>http://www.cs.utexas.edu/faculty/kaufmann</a> or <a href='http://www.cs.utexas.edu/~kaufmann'>http://www.cs.utexas.edu/~kaufmann</a>
"michael d. dahlin", "University of Texas—Austin", <a href='http://www.cs.utexas.edu/faculty/dahlin'>http://www.cs.utexas.edu/faculty/dahlin</a> or <a href='http://www.cs.utexas.edu/users/dahlin'>http://www.cs.utexas.edu/users/dahlin</a>
"michael walfish", "University of Texas—Austin", <a href='http://www.cs.utexas.edu/~mwalfish'>http://www.cs.utexas.edu/~mwalfish</a>
"mike dahlin", "University of Texas—Austin", <a href='http://www.cs.utexas.edu/users/dahlin'>http://www.cs.utexas.edu/users/dahlin</a>
"mike scott", "University of Texas—Austin", <a href='http://www.cs.utexas.edu/~scottm'>http://www.cs.utexas.edu/~scottm</a>
"mohamed g. gouda", "University of Texas—Austin", <a href='http://www.cs.utexas.edu/faculty/gouda'>http://www.cs.utexas.edu/faculty/gouda</a> or <a href='http://www.cs.utexas.edu/~gouda'>http://www.cs.utexas.edu/~gouda</a>
"paul toprac", "University of Texas—Austin", <a href='http://gamedev.utexas.edu'>http://gamedev.utexas.edu</a>
"peter stone", "University of Texas—Austin", <a href='http://www.cs.utexas.edu/faculty/stone'>http://www.cs.utexas.edu/faculty/stone</a> or <a href='http://www.cs.utexas.edu/~pstone'>http://www.cs.utexas.edu/~pstone</a>
"philip cannata", "University of Texas—Austin", <a href='http://www.cs.utexas.edu/users/cannata'>http://www.cs.utexas.edu/users/cannata</a>
"pradeep ravikumar", "University of Texas—Austin", <a href='http://www.cs.utexas.edu/~pradeepr'>http://www.cs.utexas.edu/~pradeepr</a> or <a href='http://www.cs.utexas.edu/faculty/ravikumar'>http://www.cs.utexas.edu/faculty/ravikumar</a>
"raymond j. mooney", "University of Texas—Austin", <a href='http://www.cs.utexas.edu/~mooney'>http://www.cs.utexas.edu/~mooney</a> or <a href='http://www.cs.utexas.edu/faculty/mooney'>http://www.cs.utexas.edu/faculty/mooney</a>
"risto miikkulainen", "University of Texas—Austin", <a href='http://www.cs.utexas.edu/~risto'>http://www.cs.utexas.edu/~risto</a> or <a href='http://www.cs.utexas.edu/faculty/miikkulainen'>http://www.cs.utexas.edu/faculty/miikkulainen</a>
"robert a. van de geijn", "University of Texas—Austin", <a href='http://www.cs.utexas.edu/faculty/van-de-geijn'>http://www.cs.utexas.edu/faculty/van-de-geijn</a> or <a href='http://www.cs.utexas.edu/~rvdg'>http://www.cs.utexas.edu/~rvdg</a>
"robert s. boyer", "University of Texas—Austin", <a href='http://www.cs.utexas.edu/~boyer'>http://www.cs.utexas.edu/~boyer</a>
"robert stephen boyer", "University of Texas—Austin", <a href='http://www.cs.utexas.edu/~boyer'>http://www.cs.utexas.edu/~boyer</a>
"shyamal mitra", "University of Texas—Austin", <a href='http://www.cs.utexas.edu/~mitra'>http://www.cs.utexas.edu/~mitra</a>
"simon s. lam", "University of Texas—Austin", <a href='http://www.cs.utexas.edu/faculty/lam'>http://www.cs.utexas.edu/faculty/lam</a> or <a href='http://www.cs.utexas.edu/users/lam'>http://www.cs.utexas.edu/users/lam</a>
"stephen w. keckler", "University of Texas—Austin", <a href='http://www.cs.utexas.edu/~skeckler'>http://www.cs.utexas.edu/~skeckler</a>
"tandy warnow", "University of Texas—Austin", <a href='http://www.cs.utexas.edu/~tandy'>http://www.cs.utexas.edu/~tandy</a> or <a href='http://www.cs.utexas.edu/faculty/warnow'>http://www.cs.utexas.edu/faculty/warnow</a>
"thomas dillig", "University of Texas—Austin", <a href='http://www.cs.utexas.edu/faculty/tdillig'>http://www.cs.utexas.edu/faculty/tdillig</a>
"vallath nandakumar", "University of Texas—Austin", <a href='http://www.cs.utexas.edu/~vallathn'>http://www.cs.utexas.edu/~vallathn</a>
"vijaya ramachandran", "University of Texas—Austin", <a href='http://www.cs.utexas.edu/faculty/ramachandran'>http://www.cs.utexas.edu/faculty/ramachandran</a> or <a href='http://www.cs.utexas.edu/~vlr'>http://www.cs.utexas.edu/~vlr</a>
"vitaly shmatikov", "University of Texas—Austin", <a href='http://www.cs.utexas.edu/~shmat'>http://www.cs.utexas.edu/~shmat</a> or <a href='http://www.cs.utexas.edu/faculty/shmatikov'>http://www.cs.utexas.edu/faculty/shmatikov</a>
"vladimir lifschitz", "University of Texas—Austin", <a href='http://www.cs.utexas.edu/~vl'>http://www.cs.utexas.edu/~vl</a> or <a href='http://www.cs.utexas.edu/faculty/lifschitz'>http://www.cs.utexas.edu/faculty/lifschitz</a>
"warren a. hunt jr.", "University of Texas—Austin", <a href='http://www.cs.utexas.edu/~hunt'>http://www.cs.utexas.edu/~hunt</a> or <a href='http://www.cs.utexas.edu/faculty/hunt'>http://www.cs.utexas.edu/faculty/hunt</a>
"william d. (bill) young", "University of Texas—Austin", <a href='http://www.cs.utexas.edu/~byoung'>http://www.cs.utexas.edu/~byoung</a>
"william d. young", "University of Texas—Austin", <a href='http://www.cs.utexas.edu/~byoung'>http://www.cs.utexas.edu/~byoung</a>
"william h. press", "University of Texas—Austin", <a href='http://www.cs.utexas.edu/faculty/press'>http://www.cs.utexas.edu/faculty/press</a> or <a href='http://nr.com/whp'>http://nr.com/whp</a>
"william r. cook", "University of Texas—Austin", <a href='http://www.cs.utexas.edu/%7Ewcook'>http://www.cs.utexas.edu/%7Ewcook</a> or <a href='http://www.cs.utexas.edu/~wcook'>http://www.cs.utexas.edu/~wcook</a> or <a href='http://www.cs.utexas.edu/faculty/cook'>http://www.cs.utexas.edu/faculty/cook</a>
"yin zhang", "University of Texas—Austin", <a href='http://www.cs.utexas.edu/faculty/zhang'>http://www.cs.utexas.edu/faculty/zhang</a> or <a href='http://www.cs.utexas.edu/~yzhang'>http://www.cs.utexas.edu/~yzhang</a>
"alan w. biermann", "Duke University", <a href='http://www.cs.duke.edu/people/faculty/?csid=13'>http://www.cs.duke.edu/people/faculty/?csid=13</a>
"alexander j. hartemink", "Duke University", <a href='http://www.cs.duke.edu/people/faculty/?csid=917'>http://www.cs.duke.edu/people/faculty/?csid=917</a>
"alvin r. lebeck", "Duke University", <a href='http://www.cs.duke.edu/people/faculty/?csid=22'>http://www.cs.duke.edu/people/faculty/?csid=22</a>
"andrew hilton", "Duke University", <a href='http://www.cs.duke.edu/people/faculty/?csid=3797'>http://www.cs.duke.edu/people/faculty/?csid=3797</a>
"ashwin machanavajjhala", "Duke University", <a href='http://www.cs.duke.edu/people/faculty/?csid=3924'>http://www.cs.duke.edu/people/faculty/?csid=3924</a>
"barbara e. engelhardt", "Duke University", <a href='http://www.cs.duke.edu/people/faculty/?csid=3938'>http://www.cs.duke.edu/people/faculty/?csid=3938</a>
"benjamin c. lee", "Duke University", <a href='http://www.cs.duke.edu/people/faculty/?csid=3716'>http://www.cs.duke.edu/people/faculty/?csid=3716</a>
"bruce maggs", "Duke University", <a href='http://www.cs.duke.edu/people/faculty/?csid=2044'>http://www.cs.duke.edu/people/faculty/?csid=2044</a>
"bruce r. donald", "Duke University", <a href='http://www.cs.duke.edu/people/faculty/?csid=1611'>http://www.cs.duke.edu/people/faculty/?csid=1611</a>
"c. frank starmer", "Duke University", <a href='http://www.cs.duke.edu/people/faculty/?csid=35'>http://www.cs.duke.edu/people/faculty/?csid=35</a>
"carla schlatter ellis", "Duke University", <a href='http://www.cs.duke.edu/people/faculty/?csid=16'>http://www.cs.duke.edu/people/faculty/?csid=16</a>
"carlile lavor", "Duke University", <a href='http://www.cs.duke.edu/people/faculty/?csid=4394'>http://www.cs.duke.edu/people/faculty/?csid=4394</a>
"carlo tomasi", "Duke University", <a href='http://www.cs.duke.edu/people/faculty/?csid=920'>http://www.cs.duke.edu/people/faculty/?csid=920</a>
"chris dwyer", "Duke University", <a href='http://www.cs.duke.edu/people/faculty/?csid=3938'>http://www.cs.duke.edu/people/faculty/?csid=3938</a> or <a href='http://www.cs.duke.edu/people/faculty/?csid=1435'>http://www.cs.duke.edu/people/faculty/?csid=1435</a>
"craig henriquez", "Duke University", <a href='http://www.cs.duke.edu/people/faculty/?csid=916'>http://www.cs.duke.edu/people/faculty/?csid=916</a>
"daniel j. sorin", "Duke University", <a href='http://www.cs.duke.edu/people/faculty/?csid=1280'>http://www.cs.duke.edu/people/faculty/?csid=1280</a>
"debmalya panigrahi", "Duke University", <a href='http://www.cs.duke.edu/people/faculty/?csid=3929'>http://www.cs.duke.edu/people/faculty/?csid=3929</a>
"dietolf ramm", "Duke University", <a href='http://www.cs.duke.edu/people/faculty/?csid=30'>http://www.cs.duke.edu/people/faculty/?csid=30</a>
"donald j. rose", "Duke University", <a href='http://www.cs.duke.edu/people/faculty/?csid=34'>http://www.cs.duke.edu/people/faculty/?csid=34</a>
"donald w. loveland", "Duke University", <a href='http://www.cs.duke.edu/people/faculty/?csid=24'>http://www.cs.duke.edu/people/faculty/?csid=24</a>
"guillermo sapiro", "Duke University", <a href='http://www.cs.duke.edu/people/faculty/?csid=3922'>http://www.cs.duke.edu/people/faculty/?csid=3922</a>
"herbert edelsbrunner", "Duke University", <a href='http://www.cs.duke.edu/people/faculty/?csid=436'>http://www.cs.duke.edu/people/faculty/?csid=436</a>
"ilia baldine", "Duke University", <a href='http://www.cs.duke.edu/people/faculty/?csid=3567'>http://www.cs.duke.edu/people/faculty/?csid=3567</a>
"jeffrey r. n. forbes", "Duke University", <a href='http://www.cs.duke.edu/people/faculty/?csid=565'>http://www.cs.duke.edu/people/faculty/?csid=565</a>
"jeffrey r.n. forbes", "Duke University", <a href='http://www.cs.duke.edu/people/faculty/?csid=565'>http://www.cs.duke.edu/people/faculty/?csid=565</a>
"jeffrey s. chase", "Duke University", <a href='http://www.cs.duke.edu/people/faculty/?csid=15'>http://www.cs.duke.edu/people/faculty/?csid=15</a>
"john a. board jr.", "Duke University", <a href='http://www.cs.duke.edu/people/faculty/?csid=14'>http://www.cs.duke.edu/people/faculty/?csid=14</a>
"john h. reif", "Duke University", <a href='http://www.cs.duke.edu/people/faculty/?csid=31'>http://www.cs.duke.edu/people/faculty/?csid=31</a>
"john harer", "Duke University", <a href='http://www.cs.duke.edu/people/faculty/?csid=429'>http://www.cs.duke.edu/people/faculty/?csid=429</a>
"john pormann", "Duke University", <a href='http://www.cs.duke.edu/people/faculty/?csid=1784'>http://www.cs.duke.edu/people/faculty/?csid=1784</a>
"julian lombardi", "Duke University", <a href='http://www.cs.duke.edu/people/faculty/?csid=1607'>http://www.cs.duke.edu/people/faculty/?csid=1607</a>
"jun yang", "Duke University", <a href='http://www.cs.duke.edu/people/faculty/?csid=918'>http://www.cs.duke.edu/people/faculty/?csid=918</a>
"jungsang kim", "Duke University", <a href='http://www.cs.duke.edu/people/faculty/?csid=3791'>http://www.cs.duke.edu/people/faculty/?csid=3791</a>
"kamesh munagala", "Duke University", <a href='http://www.cs.duke.edu/people/faculty/?csid=1459'>http://www.cs.duke.edu/people/faculty/?csid=1459</a>
"katherine heller", "Duke University", <a href='http://www.cs.duke.edu/people/faculty/?csid=4393'>http://www.cs.duke.edu/people/faculty/?csid=4393</a>
"kishor s. trivedi", "Duke University", <a href='http://www.cs.duke.edu/people/faculty/?csid=36'>http://www.cs.duke.edu/people/faculty/?csid=36</a>
"krishnendu chakrabarty", "Duke University", <a href='http://www.cs.duke.edu/people/faculty/?csid=3895'>http://www.cs.duke.edu/people/faculty/?csid=3895</a>
"landon cox", "Duke University", <a href='http://www.cs.duke.edu/people/faculty/?csid=204'>http://www.cs.duke.edu/people/faculty/?csid=204</a>
"lars arge", "Duke University", <a href='http://www.cs.duke.edu/people/faculty/?csid=9'>http://www.cs.duke.edu/people/faculty/?csid=9</a>
"lisa r. hsu", "Duke University", <a href='http://www.cs.duke.edu/people/faculty/?csid=4396'>http://www.cs.duke.edu/people/faculty/?csid=4396</a>
"mauro maggioni", "Duke University", <a href='http://www.cs.duke.edu/people/faculty/?csid=1697'>http://www.cs.duke.edu/people/faculty/?csid=1697</a>
"merrell patrick", "Duke University", <a href='http://www.cs.duke.edu/people/faculty/?csid=28'>http://www.cs.duke.edu/people/faculty/?csid=28</a>
"nikos pitsianis", "Duke University", <a href='http://www.cs.duke.edu/people/faculty/?csid=440'>http://www.cs.duke.edu/people/faculty/?csid=440</a>
"owen astrachan", "Duke University", <a href='http://www.cs.duke.edu/people/faculty/?csid=10'>http://www.cs.duke.edu/people/faculty/?csid=10</a>
"pankaj k. agarwal", "Duke University", <a href='http://www.cs.duke.edu/people/faculty/?csid=8'>http://www.cs.duke.edu/people/faculty/?csid=8</a>
"rachael brady", "Duke University", <a href='http://www.cs.duke.edu/people/faculty/?csid=943'>http://www.cs.duke.edu/people/faculty/?csid=943</a>
"raluca mihaela gordan", "Duke University", <a href='http://www.cs.duke.edu/people/faculty/?csid=1579'>http://www.cs.duke.edu/people/faculty/?csid=1579</a>
"raluca-mihaela gordan", "Duke University", <a href='http://www.cs.duke.edu/people/faculty/?csid=1579'>http://www.cs.duke.edu/people/faculty/?csid=1579</a>
"richard a. lucic", "Duke University", <a href='http://www.cs.duke.edu/people/faculty/?csid=11'>http://www.cs.duke.edu/people/faculty/?csid=11</a>
"robert a. wagner", "Duke University", <a href='http://www.cs.duke.edu/people/faculty/?csid=40'>http://www.cs.duke.edu/people/faculty/?csid=40</a>
"robert c. duvall", "Duke University", <a href='http://www.cs.duke.edu/people/faculty/?csid=67'>http://www.cs.duke.edu/people/faculty/?csid=67</a>
"robert calderbank", "Duke University", <a href='http://www.cs.duke.edu/people/faculty/?csid=3565'>http://www.cs.duke.edu/people/faculty/?csid=3565</a>
"robert fowler", "Duke University", <a href='http://www.cs.duke.edu/people/faculty/?csid=3570'>http://www.cs.duke.edu/people/faculty/?csid=3570</a>
"robert l. bryant", "Duke University", <a href='http://www.cs.duke.edu/people/faculty/?csid=4408'>http://www.cs.duke.edu/people/faculty/?csid=4408</a>
"romit roy choudhury", "Duke University", <a href='http://www.cs.duke.edu/people/faculty/?csid=1690'>http://www.cs.duke.edu/people/faculty/?csid=1690</a>
"ronald e. parr", "Duke University", <a href='http://www.cs.duke.edu/people/faculty/?csid=442'>http://www.cs.duke.edu/people/faculty/?csid=442</a>
"savan mukherjee", "Duke University", <a href='http://www.cs.duke.edu/people/faculty/?csid=1606'>http://www.cs.duke.edu/people/faculty/?csid=1606</a>
"sayan mukherjee", "Duke University", <a href='http://www.cs.duke.edu/people/faculty/?csid=1606'>http://www.cs.duke.edu/people/faculty/?csid=1606</a>
"scott c. schmidler", "Duke University", <a href='http://www.cs.duke.edu/people/faculty/?csid=3790'>http://www.cs.duke.edu/people/faculty/?csid=3790</a>
"shivnath babu", "Duke University", <a href='http://www.cs.duke.edu/people/faculty/?csid=1492'>http://www.cs.duke.edu/people/faculty/?csid=1492</a>
"silvia ferrari", "Duke University", <a href='http://www.cs.duke.edu/people/faculty/?csid=3440'>http://www.cs.duke.edu/people/faculty/?csid=3440</a>
"sina farsiu", "Duke University", <a href='http://www.cs.duke.edu/people/faculty/?csid=3870'>http://www.cs.duke.edu/people/faculty/?csid=3870</a>
"susan h. rodger", "Duke University", <a href='http://www.cs.duke.edu/people/faculty/?csid=33'>http://www.cs.duke.edu/people/faculty/?csid=33</a>
"tabitha peck", "Duke University", <a href='http://www.cs.duke.edu/people/faculty/?csid=3925'>http://www.cs.duke.edu/people/faculty/?csid=3925</a>
"theo benson", "Duke University", <a href='http://www.cs.duke.edu/people/faculty/?csid=3930'>http://www.cs.duke.edu/people/faculty/?csid=3930</a>
"thomas gallie", "Duke University", <a href='http://www.cs.duke.edu/people/faculty/?csid=17'>http://www.cs.duke.edu/people/faculty/?csid=17</a>
"thomas h. labean", "Duke University", <a href='http://www.cs.duke.edu/people/faculty/?csid=431'>http://www.cs.duke.edu/people/faculty/?csid=431</a>
"thomas moelhave", "Duke University", <a href='http://www.cs.duke.edu/people/faculty/?csid=2082'>http://www.cs.duke.edu/people/faculty/?csid=2082</a>
"timothy lenoir", "Duke University", <a href='http://www.cs.duke.edu/people/faculty/?csid=1605'>http://www.cs.duke.edu/people/faculty/?csid=1605</a>
"vincent conitzer", "Duke University", <a href='http://www.cs.duke.edu/people/faculty/?csid=1612'>http://www.cs.duke.edu/people/faculty/?csid=1612</a>
"xiaobai sun", "Duke University", <a href='http://www.cs.duke.edu/people/faculty/?csid=37'>http://www.cs.duke.edu/people/faculty/?csid=37</a>
"xiaowei yang", "Duke University", <a href='http://www.cs.duke.edu/people/faculty/?csid=2164'>http://www.cs.duke.edu/people/faculty/?csid=2164</a>
"adam meyers", "New York University", <a href='http://nlp.cs.nyu.edu/people/meyers.html'>http://nlp.cs.nyu.edu/people/meyers.html</a>
"adrian bors", "New York University", <a href='http://www.cs.york.ac.uk/people/?group=Academic%20and%20Teaching%20Staff&username=adrian'>http://www.cs.york.ac.uk/people/?group=Academic%20and%20Teaching%20Staff&username=adrian</a>
"alan burns", "New York University", <a href='http://www.cs.york.ac.uk/people/?group=Academic%20and%20Teaching%20Staff&username=burns'>http://www.cs.york.ac.uk/people/?group=Academic%20and%20Teaching%20Staff&username=burns</a>
"alan siegel", "New York University", <a href='http://cs.nyu.edu/cs/faculty/siegel'>http://cs.nyu.edu/cs/faculty/siegel</a>
"alexander tuzhilin", "New York University", <a href='http://people.stern.nyu.edu/atuzhili'>http://people.stern.nyu.edu/atuzhili</a>
"alistair edwards", "New York University", <a href='http://www.cs.york.ac.uk/people/?group=Academic%20and%20Teaching%20Staff&username=alistair'>http://www.cs.york.ac.uk/people/?group=Academic%20and%20Teaching%20Staff&username=alistair</a>
"allan gottlieb", "New York University", <a href='http://cs.nyu.edu/~gottlieb'>http://cs.nyu.edu/~gottlieb</a>
"amos bloomberg", "New York University", <a href='http://cs.nyu.edu/~amos'>http://cs.nyu.edu/~amos</a>
"ana cavalcanti", "New York University", <a href='http://www.cs.york.ac.uk/people/?group=Academic%20and%20Teaching%20Staff&username=alcc'>http://www.cs.york.ac.uk/people/?group=Academic%20and%20Teaching%20Staff&username=alcc</a>
"andrew i. case", "New York University", <a href='http://cs.nyu.edu/~acase'>http://cs.nyu.edu/~acase</a>
"andy wellings", "New York University", <a href='http://www.cs.york.ac.uk/people/?group=Academic%20and%20Teaching%20Staff&username=andy'>http://www.cs.york.ac.uk/people/?group=Academic%20and%20Teaching%20Staff&username=andy</a>
"anna bramwell-dicks", "New York University", <a href='http://www.cs.york.ac.uk/people/?group=Academic%20and%20Teaching%20Staff&username=annab'>http://www.cs.york.ac.uk/people/?group=Academic%20and%20Teaching%20Staff&username=annab</a>
"assaf naor", "New York University", <a href='http://math.nyu.edu/~naor'>http://math.nyu.edu/~naor</a>
"benjamin goldberg", "New York University", <a href='http://cs.nyu.edu/cs/faculty/goldberg'>http://cs.nyu.edu/cs/faculty/goldberg</a>
"bhubaneswar mishra", "New York University", <a href='http://cs.nyu.edu/cs/faculty/mishra'>http://cs.nyu.edu/cs/faculty/mishra</a>
"bud mishra", "New York University", <a href='http://cs.nyu.edu/cs/faculty/mishra'>http://cs.nyu.edu/cs/faculty/mishra</a>
"chee k. yap", "New York University", <a href='http://cs.nyu.edu/cs/faculty/yap'>http://cs.nyu.edu/cs/faculty/yap</a>
"chee yap", "New York University", <a href='http://cs.nyu.edu/cs/faculty/yap'>http://cs.nyu.edu/cs/faculty/yap</a>
"christoph bregler", "New York University", <a href='http://cs.nyu.edu/~bregler'>http://cs.nyu.edu/~bregler</a>
"christopher crispin-bailey", "New York University", <a href='http://www.cs.york.ac.uk/people/?group=Academic%20and%20Teaching%20Staff&username=chrisb'>http://www.cs.york.ac.uk/people/?group=Academic%20and%20Teaching%20Staff&username=chrisb</a>
"clark barrett", "New York University", <a href='http://cs.nyu.edu/~barrett'>http://cs.nyu.edu/~barrett</a>
"clark w. barrett", "New York University", <a href='http://cs.nyu.edu/~barrett'>http://cs.nyu.edu/~barrett</a>
"craig kapp", "New York University", <a href='http://cims.nyu.edu/~kapp'>http://cims.nyu.edu/~kapp</a>
"daniel franks", "New York University", <a href='http://www.cs.york.ac.uk/people/?group=Academic%20and%20Teaching%20Staff&username=dwf'>http://www.cs.york.ac.uk/people/?group=Academic%20and%20Teaching%20Staff&username=dwf</a>
"davi geiger", "New York University", <a href='http://cs.nyu.edu/cs/faculty/geiger'>http://cs.nyu.edu/cs/faculty/geiger</a>
"david pumfrey", "New York University", <a href='http://www.cs.york.ac.uk/people/?group=Academic%20and%20Teaching%20Staff&username=djp'>http://www.cs.york.ac.uk/people/?group=Academic%20and%20Teaching%20Staff&username=djp</a>
"david sontag", "New York University", <a href='http://www.cs.nyu.edu/~dsontag'>http://www.cs.nyu.edu/~dsontag</a>
"deena engel", "New York University", <a href='http://cs.nyu.edu/~deena'>http://cs.nyu.edu/~deena</a>
"denis zorin", "New York University", <a href='http://mrl.nyu.edu/~dzorin'>http://mrl.nyu.edu/~dzorin</a>
"dennis shasha", "New York University", <a href='http://cs.nyu.edu/cs/faculty/shasha'>http://cs.nyu.edu/cs/faculty/shasha</a>
"detlef plump", "New York University", <a href='http://www.cs.york.ac.uk/people/?group=Academic%20and%20Teaching%20Staff&username=det'>http://www.cs.york.ac.uk/people/?group=Academic%20and%20Teaching%20Staff&username=det</a>
"dimitar kazakov", "New York University", <a href='http://www.cs.york.ac.uk/people/?group=Academic%20and%20Teaching%20Staff&username=kazakov'>http://www.cs.york.ac.uk/people/?group=Academic%20and%20Teaching%20Staff&username=kazakov</a>
"dimitris kolovos", "New York University", <a href='http://www.cs.york.ac.uk/people/?group=Academic%20and%20Teaching%20Staff&username=dkolovos'>http://www.cs.york.ac.uk/people/?group=Academic%20and%20Teaching%20Staff&username=dkolovos</a>
"dr alan m frisch", "New York University", <a href='http://www.cs.york.ac.uk/people/?group=Academic%20and%20Teaching%20Staff&username=frisch'>http://www.cs.york.ac.uk/people/?group=Academic%20and%20Teaching%20Staff&username=frisch</a>
"dr alan wood", "New York University", <a href='http://www.cs.york.ac.uk/people/?group=Academic%20and%20Teaching%20Staff&username=wood'>http://www.cs.york.ac.uk/people/?group=Academic%20and%20Teaching%20Staff&username=wood</a>
"dr andrew j rae", "New York University", <a href='http://www.cs.york.ac.uk/people/?group=Academic%20and%20Teaching%20Staff&username=ajrae'>http://www.cs.york.ac.uk/people/?group=Academic%20and%20Teaching%20Staff&username=ajrae</a>
"dr christopher power", "New York University", <a href='http://www.cs.york.ac.uk/people/?group=Academic%20and%20Teaching%20Staff&username=cpower'>http://www.cs.york.ac.uk/people/?group=Academic%20and%20Teaching%20Staff&username=cpower</a>
"dr daniel kudenko", "New York University", <a href='http://www.cs.york.ac.uk/people/?group=Academic%20and%20Teaching%20Staff&username=kudenko'>http://www.cs.york.ac.uk/people/?group=Academic%20and%20Teaching%20Staff&username=kudenko</a>
"dr fiona polack", "New York University", <a href='http://www.cs.york.ac.uk/people/?group=Academic%20and%20Teaching%20Staff&username=fiona'>http://www.cs.york.ac.uk/people/?group=Academic%20and%20Teaching%20Staff&username=fiona</a>
"dr jeremy l jacob", "New York University", <a href='http://www.cs.york.ac.uk/people/?group=Academic%20and%20Teaching%20Staff&username=jeremy'>http://www.cs.york.ac.uk/people/?group=Academic%20and%20Teaching%20Staff&username=jeremy</a>
"dr leandro soares indrusiak", "New York University", <a href='http://www.cs.york.ac.uk/people/?group=Academic%20and%20Teaching%20Staff&username=lsi'>http://www.cs.york.ac.uk/people/?group=Academic%20and%20Teaching%20Staff&username=lsi</a>
"dr mark nicholson", "New York University", <a href='http://www.cs.york.ac.uk/people/?group=Academic%20and%20Teaching%20Staff&username=mark'>http://www.cs.york.ac.uk/people/?group=Academic%20and%20Teaching%20Staff&username=mark</a>
"dr mj freeman", "New York University", <a href='http://www.cs.york.ac.uk/people/?group=Academic%20and%20Teaching%20Staff&username=mjf'>http://www.cs.york.ac.uk/people/?group=Academic%20and%20Teaching%20Staff&username=mjf</a>
"dr paul cairns", "New York University", <a href='http://www.cs.york.ac.uk/people/?group=Academic%20and%20Teaching%20Staff&username=pcairns'>http://www.cs.york.ac.uk/people/?group=Academic%20and%20Teaching%20Staff&username=pcairns</a>
"dr radu calinescu", "New York University", <a href='http://www.cs.york.ac.uk/people/?group=Academic%20and%20Teaching%20Staff&username=raduc'>http://www.cs.york.ac.uk/people/?group=Academic%20and%20Teaching%20Staff&username=raduc</a>
"dr s king", "New York University", <a href='http://www.cs.york.ac.uk/people/?group=Academic%20and%20Teaching%20Staff&username=king'>http://www.cs.york.ac.uk/people/?group=Academic%20and%20Teaching%20Staff&username=king</a>
"dr simon o'keefe", "New York University", <a href='http://www.cs.york.ac.uk/people/?group=Academic%20and%20Teaching%20Staff&username=sok'>http://www.cs.york.ac.uk/people/?group=Academic%20and%20Teaching%20Staff&username=sok</a>
"dr suresh manandhar", "New York University", <a href='http://www.cs.york.ac.uk/people/?group=Academic%20and%20Teaching%20Staff&username=suresh'>http://www.cs.york.ac.uk/people/?group=Academic%20and%20Teaching%20Staff&username=suresh</a>
"dr tommy yuan", "New York University", <a href='http://www.cs.york.ac.uk/people/?group=Academic%20and%20Teaching%20Staff&username=tommy'>http://www.cs.york.ac.uk/people/?group=Academic%20and%20Teaching%20Staff&username=tommy</a>
"eran fishler", "New York University", <a href='http://cs.nyu.edu/~fishler'>http://cs.nyu.edu/~fishler</a>
"eric koskinen", "New York University", <a href='http://cs.nyu.edu/~ejk'>http://cs.nyu.edu/~ejk</a>
"ernest davis", "New York University", <a href='http://cs.nyu.edu/cs/faculty/davise'>http://cs.nyu.edu/cs/faculty/davise</a>
"evan korth", "New York University", <a href='http://cs.nyu.edu/~korth'>http://cs.nyu.edu/~korth</a>
"foster provost", "New York University", <a href='http://people.stern.nyu.edu/fprovost'>http://people.stern.nyu.edu/fprovost</a>
"helen nissenbaum", "New York University", <a href='http://www.nyu.edu/projects/nissenbaum'>http://www.nyu.edu/projects/nissenbaum</a>
"helen petrie", "New York University", <a href='http://www.cs.york.ac.uk/people/?group=Academic%20and%20Teaching%20Staff&username=petrie'>http://www.cs.york.ac.uk/people/?group=Academic%20and%20Teaching%20Staff&username=petrie</a>
"howard chivers", "New York University", <a href='http://www.cs.york.ac.uk/people/?group=Academic%20and%20Teaching%20Staff&username=howard'>http://www.cs.york.ac.uk/people/?group=Academic%20and%20Teaching%20Staff&username=howard</a>
"iain bate", "New York University", <a href='http://www.cs.york.ac.uk/people/?group=Academic%20and%20Teaching%20Staff&username=ijb'>http://www.cs.york.ac.uk/people/?group=Academic%20and%20Teaching%20Staff&username=ijb</a>
"ibrahim habli", "New York University", <a href='http://www.cs.york.ac.uk/people/?group=Academic%20and%20Teaching%20Staff&username=ihabli'>http://www.cs.york.ac.uk/people/?group=Academic%20and%20Teaching%20Staff&username=ihabli</a>
"james cussens", "New York University", <a href='http://www.cs.york.ac.uk/people/?group=Academic%20and%20Teaching%20Staff&username=jc'>http://www.cs.york.ac.uk/people/?group=Academic%20and%20Teaching%20Staff&username=jc</a>
"jean-claude franchitti", "New York University", <a href='http://cs.nyu.edu/~jcf/JCF'>http://cs.nyu.edu/~jcf/JCF</a>
"jiawei zhang", "New York University", <a href='http://pages.stern.nyu.edu/~jzhang'>http://pages.stern.nyu.edu/~jzhang</a>
"jinyang li", "New York University", <a href='http://www.news.cs.nyu.edu/~jinyang'>http://www.news.cs.nyu.edu/~jinyang</a>
"jinyang li 李金扬", "New York University", <a href='http://www.news.cs.nyu.edu/~jinyang'>http://www.news.cs.nyu.edu/~jinyang</a>
"joanna klukowska", "New York University", <a href='http://cs.nyu.edu/~joannakl'>http://cs.nyu.edu/~joannakl</a>
"joel spencer", "New York University", <a href='http://cs.nyu.edu/cs/faculty/spencer'>http://cs.nyu.edu/cs/faculty/spencer</a>
"john clark", "New York University", <a href='http://www.cs.york.ac.uk/people/?group=Academic%20and%20Teaching%20Staff&username=jac'>http://www.cs.york.ac.uk/people/?group=Academic%20and%20Teaching%20Staff&username=jac</a>
"john mcdermid", "New York University", <a href='http://www.cs.york.ac.uk/people/?group=Academic%20and%20Teaching%20Staff&username=jam'>http://www.cs.york.ac.uk/people/?group=Academic%20and%20Teaching%20Staff&username=jam</a>
"joshua clayton", "New York University", <a href='http://cs.nyu.edu/cs/faculty/clayton'>http://cs.nyu.edu/cs/faculty/clayton</a>
"juliana freire", "New York University", <a href='http://vgc.poly.edu/~juliana'>http://vgc.poly.edu/~juliana</a>
"keith w. ross", "New York University", <a href='http://cis.poly.edu/~ross'>http://cis.poly.edu/~ross</a>
"ken perlin", "New York University", <a href='http://mrl.nyu.edu/~perlin'>http://mrl.nyu.edu/~perlin</a>
"kenneth perlin", "New York University", <a href='http://mrl.nyu.edu/~perlin'>http://mrl.nyu.edu/~perlin</a>
"lakshminarayanan subramanian", "New York University", <a href='http://cs.nyu.edu/~lakshmi/Home.html'>http://cs.nyu.edu/~lakshmi/Home.html</a>
"leslie greengard", "New York University", <a href='http://math.nyu.edu/faculty/greengar/index.html'>http://math.nyu.edu/faculty/greengar/index.html</a>
"lilian blot", "New York University", <a href='http://www.cs.york.ac.uk/people/?group=Academic%20and%20Teaching%20Staff&username=lblot'>http://www.cs.york.ac.uk/people/?group=Academic%20and%20Teaching%20Staff&username=lblot</a>
"lloyd n. trefethen", "New York University", <a href='http://cs.nyu.edu/cs/faculty/trefethen'>http://cs.nyu.edu/cs/faculty/trefethen</a>
"louis rose", "New York University", <a href='http://www.cs.york.ac.uk/people/?group=Academic%20and%20Teaching%20Staff&username=louis'>http://www.cs.york.ac.uk/people/?group=Academic%20and%20Teaching%20Staff&username=louis</a>
"manuel oriol", "New York University", <a href='http://www.cs.york.ac.uk/people/?group=Academic%20and%20Teaching%20Staff&username=manuel'>http://www.cs.york.ac.uk/people/?group=Academic%20and%20Teaching%20Staff&username=manuel</a>
"margaret h. wright", "New York University", <a href='http://cs.nyu.edu/mhw'>http://cs.nyu.edu/mhw</a>
"margaret wright", "New York University", <a href='http://cs.nyu.edu/mhw'>http://cs.nyu.edu/mhw</a>
"marsha berger", "New York University", <a href='http://cs.nyu.edu/~berger'>http://cs.nyu.edu/~berger</a>
"martin davis", "New York University", <a href='http://www.cs.nyu.edu/faculty/davism'>http://www.cs.nyu.edu/faculty/davism</a>
"mehryar mohri", "New York University", <a href='http://cs.nyu.edu/cs/faculty/mohri'>http://cs.nyu.edu/cs/faculty/mohri</a>
"michael l. overton", "New York University", <a href='http://cs.nyu.edu/cs/faculty/overton'>http://cs.nyu.edu/cs/faculty/overton</a>
"michael overton", "New York University", <a href='http://cs.nyu.edu/cs/faculty/overton'>http://cs.nyu.edu/cs/faculty/overton</a>
"michael walfish", "New York University", <a href='http://www.cs.utexas.edu/~mwalfish'>http://www.cs.utexas.edu/~mwalfish</a>
"mike dodds", "New York University", <a href='http://www.cs.york.ac.uk/people/?group=Academic%20and%20Teaching%20Staff&username=miked'>http://www.cs.york.ac.uk/people/?group=Academic%20and%20Teaching%20Staff&username=miked</a>
"mohamed zahran", "New York University", <a href='http://www.mzahran.com'>http://www.mzahran.com</a>
"nasir memon", "New York University", <a href='http://isis.poly.edu/memon/contact.php'>http://isis.poly.edu/memon/contact.php</a>
"natalie jeremijenko", "New York University", <a href='http://steinhardt.nyu.edu/faculty_bios/view/Natalie_Jeremijenko'>http://steinhardt.nyu.edu/faculty_bios/view/Natalie_Jeremijenko</a>
"nathan hull", "New York University", <a href='http://cs.nyu.edu/cs/faculty/hull/Welcome.html'>http://cs.nyu.edu/cs/faculty/hull/Welcome.html</a>
"nathaniel daw", "New York University", <a href='http://psych.nyu.edu/daw'>http://psych.nyu.edu/daw</a>
"nick pears", "New York University", <a href='http://www.cs.york.ac.uk/people/?group=Academic%20and%20Teaching%20Staff&username=nep'>http://www.cs.york.ac.uk/people/?group=Academic%20and%20Teaching%20Staff&username=nep</a>
"nick trefethen", "New York University", <a href='http://cs.nyu.edu/cs/faculty/trefethen'>http://cs.nyu.edu/cs/faculty/trefethen</a>
"o lisagor", "New York University", <a href='http://www.cs.york.ac.uk/people/?group=Academic%20and%20Teaching%20Staff&username=oleg'>http://www.cs.york.ac.uk/people/?group=Academic%20and%20Teaching%20Staff&username=oleg</a>
"oded regev", "New York University", <a href='http://www.cims.nyu.edu/~regev'>http://www.cims.nyu.edu/~regev</a>
"olof b. widlund", "New York University", <a href='http://cs.nyu.edu/cs/faculty/widlund'>http://cs.nyu.edu/cs/faculty/widlund</a>
"olof widlund", "New York University", <a href='http://cs.nyu.edu/cs/faculty/widlund'>http://cs.nyu.edu/cs/faculty/widlund</a>
"panayotis mavromatis", "New York University", <a href='http://steinhardt.nyu.edu/faculty_bios/view/Panayotis_Mavromatis'>http://steinhardt.nyu.edu/faculty_bios/view/Panayotis_Mavromatis</a>
"panos ipeirotis", "New York University", <a href='http://pages.stern.nyu.edu/~panos'>http://pages.stern.nyu.edu/~panos</a>
"patrick cousot", "New York University", <a href='http://cs.nyu.edu/~pcousot'>http://cs.nyu.edu/~pcousot</a>
"paul m. horn", "New York University", <a href='http://www.nyu.edu/about/leadership-university-administration/office-of-the-president/office-of-the-provost/research-engineering-technology/bios/paul-horn.html'>http://www.nyu.edu/about/leadership-university-administration/office-of-the-president/office-of-the-provost/research-engineering-technology/bios/paul-horn.html</a>
"peter cowling", "New York University", <a href='http://www.cs.york.ac.uk/people/?group=Academic%20and%20Teaching%20Staff&username=pic'>http://www.cs.york.ac.uk/people/?group=Academic%20and%20Teaching%20Staff&username=pic</a>
"prof colin runciman", "New York University", <a href='http://www.cs.york.ac.uk/people/?group=Academic%20and%20Teaching%20Staff&username=colin'>http://www.cs.york.ac.uk/people/?group=Academic%20and%20Teaching%20Staff&username=colin</a>
"prof edwin hancock", "New York University", <a href='http://www.cs.york.ac.uk/people/?group=Academic%20and%20Teaching%20Staff&username=erh'>http://www.cs.york.ac.uk/people/?group=Academic%20and%20Teaching%20Staff&username=erh</a>
"prof jim austin", "New York University", <a href='http://www.cs.york.ac.uk/people/?group=Academic%20and%20Teaching%20Staff&username=austin'>http://www.cs.york.ac.uk/people/?group=Academic%20and%20Teaching%20Staff&username=austin</a>
"prof jim woodcock", "New York University", <a href='http://www.cs.york.ac.uk/people/?group=Academic%20and%20Teaching%20Staff&username=jim'>http://www.cs.york.ac.uk/people/?group=Academic%20and%20Teaching%20Staff&username=jim</a>
"prof nc audsley", "New York University", <a href='http://www.cs.york.ac.uk/people/?group=Academic%20and%20Teaching%20Staff&username=neil'>http://www.cs.york.ac.uk/people/?group=Academic%20and%20Teaching%20Staff&username=neil</a>
"prof sl braunstein", "New York University", <a href='http://www.cs.york.ac.uk/people/?group=Academic%20and%20Teaching%20Staff&username=schmuel'>http://www.cs.york.ac.uk/people/?group=Academic%20and%20Teaching%20Staff&username=schmuel</a>
"ralph grishman", "New York University", <a href='http://cs.nyu.edu/cs/faculty/grishman'>http://cs.nyu.edu/cs/faculty/grishman</a>
"richard bonneau", "New York University", <a href='http://files.nyu.edu/rb133/public'>http://files.nyu.edu/rb133/public</a> or <a href='http://bonneaulab.bio.nyu.edu'>http://bonneaulab.bio.nyu.edu</a>
"richard cole", "New York University", <a href='http://cs.nyu.edu/cs/faculty/cole'>http://cs.nyu.edu/cs/faculty/cole</a>
"richard jones", "New York University", <a href='http://www.cs.york.ac.uk/people/?group=Academic%20and%20Teaching%20Staff&username=rjw'>http://www.cs.york.ac.uk/people/?group=Academic%20and%20Teaching%20Staff&username=rjw</a>
"richard paige", "New York University", <a href='http://www.cs.york.ac.uk/people/?group=Academic%20and%20Teaching%20Staff&username=paige'>http://www.cs.york.ac.uk/people/?group=Academic%20and%20Teaching%20Staff&username=paige</a>
"richard wilson", "New York University", <a href='http://www.cs.york.ac.uk/people/?group=Academic%20and%20Teaching%20Staff&username=wilson'>http://www.cs.york.ac.uk/people/?group=Academic%20and%20Teaching%20Staff&username=wilson</a>
"rob alexander", "New York University", <a href='http://www.cs.york.ac.uk/people/?group=Academic%20and%20Teaching%20Staff&username=rda'>http://www.cs.york.ac.uk/people/?group=Academic%20and%20Teaching%20Staff&username=rda</a>
"rob fergus", "New York University", <a href='http://cs.nyu.edu/~fergus/pmwiki/pmwiki.php'>http://cs.nyu.edu/~fergus/pmwiki/pmwiki.php</a>
"robert grimm", "New York University", <a href='http://cs.nyu.edu/~rgrimm'>http://cs.nyu.edu/~rgrimm</a>
"ryan montague", "New York University", <a href='http://www.cs.york.ac.uk/people/?group=Academic%20and%20Teaching%20Staff&username=rgm'>http://www.cs.york.ac.uk/people/?group=Academic%20and%20Teaching%20Staff&username=rgm</a>
"sana odeh", "New York University", <a href='http://cs.nyu.edu/~odeh'>http://cs.nyu.edu/~odeh</a>
"satoshi sekine", "New York University", <a href='http://nlp.cs.nyu.edu/sekine'>http://nlp.cs.nyu.edu/sekine</a>
"stefano pirandola", "New York University", <a href='http://www.cs.york.ac.uk/people/?group=Academic%20and%20Teaching%20Staff&username=pirs'>http://www.cs.york.ac.uk/people/?group=Academic%20and%20Teaching%20Staff&username=pirs</a>
"subhash khot", "New York University", <a href='http://cs.nyu.edu/~khot'>http://cs.nyu.edu/~khot</a>
"susan stepney", "New York University", <a href='http://www.cs.york.ac.uk/people/?group=Academic%20and%20Teaching%20Staff&username=susan'>http://www.cs.york.ac.uk/people/?group=Academic%20and%20Teaching%20Staff&username=susan</a>
"tamar schlick", "New York University", <a href='http://www.biomath.nyu.edu/index/people/tamar_schlick.html'>http://www.biomath.nyu.edu/index/people/tamar_schlick.html</a>
"theodore (ted) s. rappaport", "New York University", <a href='http://faculty.poly.edu/~tsr'>http://faculty.poly.edu/~tsr</a>
"theodore rappaport", "New York University", <a href='http://faculty.poly.edu/~tsr'>http://faculty.poly.edu/~tsr</a>
"thomas wies", "New York University", <a href='http://cs.nyu.edu/wies'>http://cs.nyu.edu/wies</a>
"tim kelly", "New York University", <a href='http://www.cs.york.ac.uk/people/?group=Academic%20and%20Teaching%20Staff&username=tpk'>http://www.cs.york.ac.uk/people/?group=Academic%20and%20Teaching%20Staff&username=tpk</a>
"victor shoup", "New York University", <a href='http://www.shoup.net'>http://www.shoup.net</a>
"william smith", "New York University", <a href='http://www.cs.york.ac.uk/people/?group=Academic%20and%20Teaching%20Staff&username=wsmith'>http://www.cs.york.ac.uk/people/?group=Academic%20and%20Teaching%20Staff&username=wsmith</a>
"yann lecun", "New York University", <a href='http://yann.lecun.com'>http://yann.lecun.com</a>
"yevgeniy dodis", "New York University", <a href='http://cs.nyu.edu/~dodis'>http://cs.nyu.edu/~dodis</a>
"zvi kedem", "New York University", <a href='http://cs.nyu.edu/cs/faculty/kedem'>http://cs.nyu.edu/cs/faculty/kedem</a>
"aaron stevens", "Boston University", <a href='http://people.bu.edu/azs'>http://people.bu.edu/azs</a>
"abraham (ibrahim) matta", "Boston University", <a href='http://www.cs.bu.edu/fac/matta'>http://www.cs.bu.edu/fac/matta</a>
"abraham (ibrahim) matta *", "Boston University", <a href='http://www.cs.bu.edu/fac/matta'>http://www.cs.bu.edu/fac/matta</a>
"assaf j. kfoury", "Boston University", <a href='http://www.cs.bu.edu/fac/kfoury'>http://www.cs.bu.edu/fac/kfoury</a>
"assaf kfoury", "Boston University", <a href='http://www.cs.bu.edu/fac/kfoury'>http://www.cs.bu.edu/fac/kfoury</a>
"azer bestavros", "Boston University", <a href='http://www.cs.bu.edu/~best'>http://www.cs.bu.edu/~best</a> or <a href='http://azer.bestavros.net'>http://azer.bestavros.net</a>
"david g. sullivan", "Boston University", <a href='http://cs-people.bu.edu/dgs'>http://cs-people.bu.edu/dgs</a>
"david sullivan", "Boston University", <a href='http://cs-people.bu.edu/dgs'>http://cs-people.bu.edu/dgs</a>
"evimaria terzi", "Boston University", <a href='http://www.cs.bu.edu/fac/evimaria'>http://www.cs.bu.edu/fac/evimaria</a>
"george kollios", "Boston University", <a href='http://www.cs.bu.edu/fac/gkollios'>http://www.cs.bu.edu/fac/gkollios</a>
"hongwei xi", "Boston University", <a href='http://www.cs.bu.edu/fac/hwxi'>http://www.cs.bu.edu/fac/hwxi</a>
"ibrahim matta", "Boston University", <a href='http://www.cs.bu.edu/fac/matta'>http://www.cs.bu.edu/fac/matta</a>
"john byers", "Boston University", <a href='http://www.cs.bu.edu/fac/byers'>http://www.cs.bu.edu/fac/byers</a>
"john keklak", "Boston University", <a href='http://www.bu.edu/cs/john-keklak'>http://www.bu.edu/cs/john-keklak</a>
"john w. byers", "Boston University", <a href='http://www.cs.bu.edu/fac/byers'>http://www.cs.bu.edu/fac/byers</a>
"jonathan appavoo", "Boston University", <a href='http://www.cs.bu.edu/fac/jappavoo/jappavoo.github.com/index.html'>http://www.cs.bu.edu/fac/jappavoo/jappavoo.github.com/index.html</a> or <a href='http://www.cs.bu.edu/fac/jappavoo'>http://www.cs.bu.edu/fac/jappavoo</a>
"leo (leonid) reyzin", "Boston University", <a href='http://www.cs.bu.edu/fac/reyzin'>http://www.cs.bu.edu/fac/reyzin</a>
"leonid levin", "Boston University", <a href='http://www.bu.edu/cs/leonid-levin'>http://www.bu.edu/cs/leonid-levin</a>
"leonid reyzin", "Boston University", <a href='http://www.cs.bu.edu/fac/reyzin'>http://www.cs.bu.edu/fac/reyzin</a>
"margrit betke", "Boston University", <a href='http://www.cs.bu.edu/fac/betke'>http://www.cs.bu.edu/fac/betke</a>
"mark crovella", "Boston University", <a href='http://www.cs.bu.edu/fac/crovella'>http://www.cs.bu.edu/fac/crovella</a>
"nikos triandopoulos", "Boston University", <a href='http://www.cs.bu.edu/~nikos'>http://www.cs.bu.edu/~nikos</a>
"orran krieger", "Boston University", <a href='http://www.bu.edu/cci/okrieg'>http://www.bu.edu/cci/okrieg</a>
"peter gacs", "Boston University", <a href='http://www.cs.bu.edu/fac/gacs'>http://www.cs.bu.edu/fac/gacs</a>
"ran canetti", "Boston University", <a href='http://www.cs.bu.edu/%7Ecanetti'>http://www.cs.bu.edu/%7Ecanetti</a> or <a href='http://www.cs.bu.edu/~canetti'>http://www.cs.bu.edu/~canetti</a>
"richard west", "Boston University", <a href='http://www.cs.bu.edu/fac/richwest'>http://www.cs.bu.edu/fac/richwest</a>
"sang (peter) chin", "Boston University", <a href='http://www.cs.bu.edu/faculty/spchin'>http://www.cs.bu.edu/faculty/spchin</a>
"sang (“peter”) chin", "Boston University", <a href='http://www.cs.bu.edu/faculty/spchin/Welcome.html'>http://www.cs.bu.edu/faculty/spchin/Welcome.html</a>
"sharon goldberg", "Boston University", <a href='http://www.cs.bu.edu/fac/goldbe'>http://www.cs.bu.edu/fac/goldbe</a>
"stan sclaroff", "Boston University", <a href='http://www.cs.bu.edu/fac/sclaroff'>http://www.cs.bu.edu/fac/sclaroff</a>
"steve homer", "Boston University", <a href='http://www.cs.bu.edu/fac/homer'>http://www.cs.bu.edu/fac/homer</a>
"susan worst", "Boston University", <a href='http://cs-people.bu.edu/sworst'>http://cs-people.bu.edu/sworst</a>
"wayne snyder", "Boston University", <a href='http://www.cs.bu.edu/fac/snyder'>http://www.cs.bu.edu/fac/snyder</a>
